Workbook

Sheet README
B2: Experiment Trust Engine — Excel Edition
B5: This workbook is a fully live, formula-driven rebuild of the Power BI report from the
B6: experiment-trust-engine GitHub repo — built in Excel because Power BI Desktop requires
B7: admin rights that weren't available. Every statistical calculation is a real Excel formula,
B8: not a pasted value, so it recalculates if you change the Raw_Inputs sheet.
B10: SHEETS
B11: Dashboard KPI cards + charts (Trust Score leaderboard, novelty-decay lift chart)
B12: Trust_Engine Every formula: SRM chi-square, two-proportion z-test, CI, composite Trust Score
B13: Raw_Inputs Hardcoded inputs (blue font) — raw counts pulled from the synthetic event log
B14: Daily_Lift Day-by-day lift per experiment, feeds the novelty-effect chart
B15: Metric_Lineage Documentation of every 'active_user' metric definition version and its effective dates
B17: COLOR CONVENTION
... B30: this model into Power BI later — once Desktop is installed — is a direct port.

Sheet Dashboard
B2: Experiment Trust Engine
B3: Can we actually trust this A/B test result? Live Excel model — every number below is a formula, not a hardcoded value.
B5: =COUNTIF(Trust_Engine!AL2:AL9,"TRUST") -> 4 | E5: =COUNTIF(Trust_Engine!AL2:AL9,"TRUST WITH CAVEATS") -> 3 | H5: =COUNTIF(Trust_Engine!AL2:AL9,"DO NOT TRUST") -> 1 | K5: =AVERAGE(Trust_Engine!AK2:AK9) -> 79.040824
B8: TRUST | E8: TRUST WITH CAVEATS | H8: DO NOT TRUST | K8: AVG TRUST SCORE
B11: Experiment | D11: Team | E11: Trust Score | F11: Verdict | G11: Key Reason
B12: =Trust_Engine!B2 -> checkout_button_color | D12: =Trust_Engine!C2 -> growth | E12: =Trust_Engine!AK2 -> 94.061875 | F12: =Trust_Engine!AL2 -> TRUST | G12: =IF(Trust_Engine!H2=1,"SRM detected — allocation not trustworthy. ","")&IF(Trust_Engine!X2=1,"Guardrail regressed. ","")&IF(Trust_Engine!AE2=1,"Novelty decay detected. ","")&IF(Trust_Engine!AC2=0,"Underpowered sample. ","")&IF(AND(Trust_Engine!H2=0,Trust_Engine!X2=0,Trust_Engine!AE2=0,Trust_Engine!AC2=1),"No issues detected","") -> No issues detected
B13: =Trust_Engine!B3 -> onboarding_flow_v2 | D13: =Trust_Engine!C3 -> growth | E13: =Trust_Engine!AK3 -> 64.06625 | F13: =Trust_Engine!AL3 -> TRUST WITH CAVEATS | G13: =IF(Trust_Engine!H3=1,"SRM detected — allocation not trustworthy. ","")&IF(Trust_Engine!X3=1,"Guardrail regressed. ","")&IF(Trust_Engine!AE3=1,"Novelty decay detected. ","")&IF(Trust_Engine!AC3=0,"Underpowered sample. ","")&IF(AND(Trust_Engine!H3=0,Trust_Engine!X3=0,Trust_Engine!AE3=0,Trust_Engine!AC3=1),"No issues detected","") -> SRM detected — allocation not trustworthy.
B14: =Trust_Engine!B4 -> recommendation_ranker_v3 | D14: =Trust_Engine!C4 -> ml-platform | E14: =Trust_Engine!AK4 -> 74.056944 | F14: =Trust_Engine!AL4 -> TRUST WITH CAVEATS | G14: =IF(Trust_Engine!H4=1,"SRM detected — allocation not trustworthy. ","")&IF(Trust_Engine!X4=1,"Guardrail regressed. ","")&IF(Trust_Engine!AE4=1,"Novelty decay detected. ","")&IF(Trust_Engine!AC4=0,"Underpowered sample. ","")&IF(AND(Trust_Engine!H4=0,Trust_Engine!X4=0,Trust_Engine!AE4=0,Trust_Engine!AC4=1),"No issues detected","") -> Guardrail regressed.
B15: =Trust_Engine!B5 -> notification_frequency_increase | D15: =Trust_Engine!C5 -> growth | E15: =Trust_Engine!AK5 -> 74.031071 | F15: =Trust_Engine!AL5 -> TRUST WITH CAVEATS | G15: =IF(Trust_Engine!H5=1,"SRM detected — allocation not trustworthy. ","")&IF(Trust_Engine!X5=1,"Guardrail regressed. ","")&IF(Trust_Engine!AE5=1,"Novelty decay detected. ","")&IF(Trust_Engine!AC5=0,"Underpowered sample. ","")&IF(AND(Trust_Engine!H5=0,Trust_Engine!X5=0,Trust_Engine!AE5=0,Trust_Engine!AC5=1),"No issues detected","") -> Guardrail regressed.
B16: =Trust_Engine!B6 -> active_user_definition_change_test | D16: =Trust_Engine!C6 -> analytics-eng | E16: =Trust_Engine!AK6 -> 93.934 | F16: =Trust_Engine!AL6 -> TRUST | G16: =IF(Trust_Engine!H6=1,"SRM detected — allocation not trustworthy. ","")&IF(Trust_Engine!X6=1,"Guardrail regressed. ","")&IF(Trust_Engine!AE6=1,"Novelty decay detected. ","")&IF(Trust_Engine!AC6=0,"Underpowered sample. ","")&IF(AND(Trust_Engine!H6=0,Trust_Engine!X6=0,Trust_Engine!AE6=0,Trust_Engine!AC6=1),"No issues detected","") -> No issues detected
B17: =Trust_Engine!B7 -> pricing_page_redesign | D17: =Trust_Engine!C7 -> monetization | E17: =Trust_Engine!AK7 -> 94.29375 | F17: =Trust_Engine!AL7 -> TRUST | G17: =IF(Trust_Engine!H7=1,"SRM detected — allocation not trustworthy. ","")&IF(Trust_Engine!X7=1,"Guardrail regressed. ","")&IF(Trust_Engine!AE7=1,"Novelty decay detected. ","")&IF(Trust_Engine!AC7=0,"Underpowered sample. ","")&IF(AND(Trust_Engine!H7=0,Trust_Engine!X7=0,Trust_Engine!AE7=0,Trust_Engine!AC7=1),"No issues detected","") -> No issues detected
B18: =Trust_Engine!B8 -> search_autocomplete_v2 | D18: =Trust_Engine!C8 -> search | E18: =Trust_Engine!AK8 -> 93.865882 | F18: =Trust_Engine!AL8 -> TRUST | G18: =IF(Trust_Engine!H8=1,"SRM detected — allocation not trustworthy. ","")&IF(Trust_Engine!X8=1,"Guardrail regressed. ","")&IF(Trust_Engine!AE8=1,"Novelty decay detected. ","")&IF(Trust_Engine!AC8=0,"Underpowered sample. ","")&IF(AND(Trust_Engine!H8=0,Trust_Engine!X8=0,Trust_Engine!AE8=0,Trust_Engine!AC8=1),"No issues detected","") -> No issues detected
B19: =Trust_Engine!B9 -> signup_form_shortening | D19: =Trust_Engine!C9 -> growth | E19: =Trust_Engine!AK9 -> 44.016818 | F19: =Trust_Engine!AL9 -> DO NOT TRUST | G19: =IF(Trust_Engine!H9=1,"SRM detected — allocation not trustworthy. ","")&IF(Trust_Engine!X9=1,"Guardrail regressed. ","")&IF(Trust_Engine!AE9=1,"Novelty decay detected. ","")&IF(Trust_Engine!AC9=0,"Underpowered sample. ","")&IF(AND(Trust_Engine!H9=0,Trust_Engine!X9=0,Trust_Engine!AE9=0,Trust_Engine!AC9=1),"No issues detected","") -> SRM detected — allocation not trustworthy. Guardrail regressed.

Sheet Raw_Inputs
A1: Experiment ID | B1: Experiment Name | C1: Owner Team | D1: Control N | E1: Treatment N | F1: Control Conversions | G1: Treatment Conversions | H1: Control Guardrail N | I1: Treatment Guardrail N | J1: Active Users (Def v1) | K1: Active Users (Def v2) | L1: Required N / Arm (MDE=2pp, power=80%) | M1: Novelty Decay %/day | N1: Is Novelty Effect (0/1) | O1: Start Date | P1: End Date
A2: EXP-001 | B2: checkout_button_color | C2: growth | D2: 20197 | E2: 19803 | F2: 2107 | G2: 3121 | H2: 404 | I2: 395 | J2: 40000 | K2: 30499 | L2: 3841 | M2: 8.158 | N2: 0 | O2: 2025-05-02 | P2: 2025-05-23
A3: EXP-002 | B3: onboarding_flow_v2 | C3: growth | D3: 26398 | E3: 33602 | F3: 2676 | G3: 4649 | H3: 542 | I3: 696 | J3: 60000 | K3: 45759 | L3: 3841 | M3: 8.433 | N3: 0 | O3: 2025-04-12 | P3: 2025-05-03
A4: EXP-003 | B4: recommendation_ranker_v3 | C4: ml-platform | D4: 44900 | E4: 45100 | F4: 4460 | G4: 6698 | H4: 859 | I4: 954 | J4: 90000 | K4: 68605 | L4: 3841 | M4: 4.762 | N4: 0 | O4: 2025-06-10 | P4: 2025-07-08
A5: EXP-004 | B5: notification_frequency_increase | C5: growth | D5: 34773 | E5: 35227 | F5: 3555 | G5: 5325 | H5: 679 | I5: 1604 | J5: 70000 | K5: 53287 | L5: 3841 | M5: 8.176 | N5: 0 | O5: 2025-05-23 | P5: 2025-06-13
A6: EXP-005 | B6: active_user_definition_change_test | C6: analytics-eng | D6: 24865 | E6: 25135 | F6: 2434 | G6: 3334 | H6: 476 | I6: 499 | J6: 50000 | K6: 37868 | L6: 3841 | M6: 7.159 | N6: 0 | O6: 2025-07-02 | P6: 2025-07-23
A7: EXP-006 | B7: pricing_page_redesign | C7: monetization | D7: 3999 | E7: 4001 | F7: 383 | G7: 734 | H7: 71 | I7: 74 | J7: 8000 | K7: 6174 | L7: 3841 | M7: 12.917 | N7: 0 | O7: 2025-03-04 | P7: 2025-03-18
A8: EXP-007 | B8: search_autocomplete_v2 | C8: search | D8: 42619 | E8: 42381 | F8: 4247 | G8: 4285 | H8: 824 | I8: 859 | J8: 85000 | K8: 64144 | L8: 3841 | M8: 58.203 | N8: 0 | O8: 2025-02-18 | P8: 2025-03-11
A9: EXP-008 | B9: signup_form_shortening | C9: growth | D9: 25848 | E9: 29152 | F9: 2630 | G9: 3822 | H9: 544 | I9: 1292 | J9: 55000 | K9: 41837 | L9: 3841 | M9: 5.665 | N9: 0 | O9: 2025-06-05 | P9: 2025-06-26
A11: Source: novelty_decay_pct_per_day and is_novelty_effect are computed via linear
A12: regression on daily lift (scipy.stats.linregress) — see src/stats/trust_engine.py::novelty_effect_score.
A13: Required N/arm uses a standard two-proportion power calculation (baseline=10%, MDE=2pp, alpha=0.05, power=80%).

Sheet Trust_Engine
A1: Experiment ID | B1: Experiment Name | C1: Owner Team | D1: Control N | E1: Treatment N | F1: SRM Chi-Square | G1: SRM P-Value | H1: Is SRM? | I1: Control Conv Rate | J1: Treatment Conv Rate | K1: Absolute Lift | L1: Relative Lift % | M1: Pooled Rate | N1: Pooled SE | O1: Z-Stat | P1: P-Value | Q1: Significant? | R1: Unpooled SE | S1: CI Lower | T1: CI Upper | U1: Control Guardrail Rate | V1: Treatment Guardrail Rate | W1: Guardrail P-Value | X1: Guardrail Breached? | Y1: Active Users v1 | Z1: Active Users v2 | AA1: Definition Agreement % | AB1: Required N/Arm | AC1: Sample Size Adequate? | AD1: Novelty Decay %/day | AE1: Novelty Effect? | AF1: SRM Pts (30) | AG1: Definition Pts (25) | AH1: Guardrail Pts (20) | AI1: Sample Pts (15) | AJ1: Novelty Pts (10) | AK1: TRUST SCORE | AL1: VERDICT
A2: =Raw_Inputs!A2 -> EXP-001 | B2: =Raw_Inputs!B2 -> checkout_button_color | C2: =Raw_Inputs!C2 -> growth | D2: =Raw_Inputs!D2 -> 20197 | E2: =Raw_Inputs!E2 -> 19803 | F2: =((D2-((D2+E2)/2))^2/((D2+E2)/2))+((E2-((D2+E2)/2))^2/((D2+E2)/2)) -> 3.8809 | G2: =CHIDIST(F2,1) -> 0.048838371 | H2: =IF(G2<0.001,1,0) -> 0 | I2: =Raw_Inputs!F2/D2 -> 0.10432242 | J2: =Raw_Inputs!G2/E2 -> 0.15760238 | K2: =J2-I2 -> 0.053279959 | L2: =IFERROR(K2/I2*100,0) -> 51.072394 | M2: =(Raw_Inputs!F2+Raw_Inputs!G2)/(D2+E2) -> 0.1307 | N2: =SQRT(M2*(1-M2)*(1/D2+1/E2)) -> 0.0033708832 | O2: =K2/N2 -> 15.805935 | P2: =2*(1-NORMSDIST(ABS(O2))) -> 0 | Q2: =IF(P2<0.05,1,0) -> 1 | R2: =SQRT(I2*(1-I2)/D2+J2*(1-J2)/E2) -> 0.0033660991 | S2: =K2-1.96*R2 -> 0.046682405 | T2: =K2+1.96*R2 -> 0.059877514 | U2: =Raw_Inputs!H2/D2 -> 0.020002971 | V2: =Raw_Inputs!I2/E2 -> 0.019946473 | W2: =2*(1-NORMSDIST(ABS((V2-U2)/SQRT(((Raw_Inputs!H2+Raw_Inputs!I2)/(D2+E2))*(1-((Raw_Inputs!H2+Raw_Inputs!I2)/(D2+E2)))*(1/D2+1/E2))))) -> 0.96779139 | X2: =IF(AND(W2<0.05,V2>U2),1,0) -> 0 | Y2: =Raw_Inputs!J2 -> 40000 | Z2: =Raw_Inputs!K2 -> 30499 | AA2: =MIN(Y2,Z2)/MAX(Y2,Z2)*100 -> 76.2475 | AB2: =Raw_Inputs!L2 -> 3841 | AC2: =IF(MIN(D2,E2)>=AB2,1,0) -> 1 | AD2: =Raw_Inputs!M2 -> 8.158 | AE2: =Raw_Inputs!N2 -> 0 | AF2: =IF(H2=0,30,0) -> 30 | AG2: =MIN(AA2,100)/100*25 -> 19.061875 | AH2: =IF(X2=0,20,0) -> 20 | AI2: =IF(AC2=1,15,0) -> 15 | AJ2: =IF(AE2=0,10,0) -> 10 | AK2: =SUM(AF2:AJ2) -> 94.061875 | AL2: =IF(AK2>=85,"TRUST",IF(AK2>=60,"TRUST WITH CAVEATS","DO NOT TRUST")) -> TRUST
A3: =Raw_Inputs!A3 -> EXP-002 | B3: =Raw_Inputs!B3 -> onboarding_flow_v2 | C3: =Raw_Inputs!C3 -> growth | D3: =Raw_Inputs!D3 -> 26398 | E3: =Raw_Inputs!E3 -> 33602 | F3: =((D3-((D3+E3)/2))^2/((D3+E3)/2))+((E3-((D3+E3)/2))^2/((D3+E3)/2)) -> 864.96027 | G3: =CHIDIST(F3,1) -> 4.0663606e-190 | H3: =IF(G3<0.001,1,0) -> 1 | I3: =Raw_Inputs!F3/D3 -> 0.10137132 | J3: =Raw_Inputs!G3/E3 -> 0.13835486 | K3: =J3-I3 -> 0.036983544 | L3: =IFERROR(K3/I3*100,0) -> 36.483243 | M3: =(Raw_Inputs!F3+Raw_Inputs!G3)/(D3+E3) -> 0.12208333 | N3: =SQRT(M3*(1-M3)*(1/D3+1/E3)) -> 0.0026925414 | O3: =K3/N3 -> 13.735553 | P3: =2*(1-NORMSDIST(ABS(O3))) -> 0 | Q3: =IF(P3<0.05,1,0) -> 1 | R3: =SQRT(I3*(1-I3)/D3+J3*(1-J3)/E3) -> 0.0026454914 | S3: =K3-1.96*R3 -> 0.031798381 | T3: =K3+1.96*R3 -> 0.042168707 | U3: =Raw_Inputs!H3/D3 -> 0.020531858 | V3: =Raw_Inputs!I3/E3 -> 0.020713053 | W3: =2*(1-NORMSDIST(ABS((V3-U3)/SQRT(((Raw_Inputs!H3+Raw_Inputs!I3)/(D3+E3))*(1-((Raw_Inputs!H3+Raw_Inputs!I3)/(D3+E3)))*(1/D3+1/E3))))) -> 0.87683595 | X3: =IF(AND(W3<0.05,V3>U3),1,0) -> 0 | Y3: =Raw_Inputs!J3 -> 60000 | Z3: =Raw_Inputs!K3 -> 45759 | AA3: =MIN(Y3,Z3)/MAX(Y3,Z3)*100 -> 76.265 | AB3: =Raw_Inputs!L3 -> 3841 | AC3: =IF(MIN(D3,E3)>=AB3,1,0) -> 1 | AD3: =Raw_Inputs!M3 -> 8.433 | AE3: =Raw_Inputs!N3 -> 0 | AF3: =IF(H3=0,30,0) -> 0 | AG3: =MIN(AA3,100)/100*25 -> 19.06625 | AH3: =IF(X3=0,20,0) -> 20 | AI3: =IF(AC3=1,15,0) -> 15 | AJ3: =IF(AE3=0,10,0) -> 10 | AK3: =SUM(AF3:AJ3) -> 64.06625 | AL3: =IF(AK3>=85,"TRUST",IF(AK3>=60,"TRUST WITH CAVEATS","DO NOT TRUST")) -> TRUST WITH CAVEATS
A4: =Raw_Inputs!A4 -> EXP-003 | B4: =Raw_Inputs!B4 -> recommendation_ranker_v3 | C4: =Raw_Inputs!C4 -> ml-platform | D4: =Raw_Inputs!D4 -> 44900 | E4: =Raw_Inputs!E4 -> 45100 | F4: =((D4-((D4+E4)/2))^2/((D4+E4)/2))+((E4-((D4+E4)/2))^2/((D4+E4)/2)) -> 0.44444444 | G4: =CHIDIST(F4,1) -> 0.50498508 | H4: =IF(G4<0.001,1,0) -> 0 | I4: =Raw_Inputs!F4/D4 -> 0.099331849 | J4: =Raw_Inputs!G4/E4 -> 0.14851441 | K4: =J4-I4 -> 0.049182564 | L4: =IFERROR(K4/I4*100,0) -> 49.513388 | M4: =(Raw_Inputs!F4+Raw_Inputs!G4)/(D4+E4) -> 0.12397778 | N4: =SQRT(M4*(1-M4)*(1/D4+1/E4)) -> 0.0021970468 | O4: =K4/N4 -> 22.385761 | P4: =2*(1-NORMSDIST(ABS(O4))) -> 0 | Q4: =IF(P4<0.05,1,0) -> 1 | R4: =SQRT(I4*(1-I4)/D4+J4*(1-J4)/E4) -> 0.0021900876 | S4: =K4-1.96*R4 -> 0.044889992 | T4: =K4+1.96*R4 -> 0.053475136 | U4: =Raw_Inputs!H4/D4 -> 0.019131403 | V4: =Raw_Inputs!I4/E4 -> 0.021152993 | W4: =2*(1-NORMSDIST(ABS((V4-U4)/SQRT(((Raw_Inputs!H4+Raw_Inputs!I4)/(D4+E4))*(1-((Raw_Inputs!H4+Raw_Inputs!I4)/(D4+E4)))*(1/D4+1/E4))))) -> 0.030899561 | X4: =IF(AND(W4<0.05,V4>U4),1,0) -> 1 | Y4: =Raw_Inputs!J4 -> 90000 | Z4: =Raw_Inputs!K4 -> 68605 | AA4: =MIN(Y4,Z4)/MAX(Y4,Z4)*100 -> 76.227778 | AB4: =Raw_Inputs!L4 -> 3841 | AC4: =IF(MIN(D4,E4)>=AB4,1,0) -> 1 | AD4: =Raw_Inputs!M4 -> 4.762 | AE4: =Raw_Inputs!N4 -> 0 | AF4: =IF(H4=0,30,0) -> 30 | AG4: =MIN(AA4,100)/100*25 -> 19.056944 | AH4: =IF(X4=0,20,0) -> 0 | AI4: =IF(AC4=1,15,0) -> 15 | AJ4: =IF(AE4=0,10,0) -> 10 | AK4: =SUM(AF4:AJ4) -> 74.056944 | AL4: =IF(AK4>=85,"TRUST",IF(AK4>=60,"TRUST WITH CAVEATS","DO NOT TRUST")) -> TRUST WITH CAVEATS
A5: =Raw_Inputs!A5 -> EXP-004 | B5: =Raw_Inputs!B5 -> notification_frequency_increase | C5: =Raw_Inputs!C5 -> growth | D5: =Raw_Inputs!D5 -> 34773 | E5: =Raw_Inputs!E5 -> 35227 | F5: =((D5-((D5+E5)/2))^2/((D5+E5)/2))+((E5-((D5+E5)/2))^2/((D5+E5)/2)) -> 2.9445143 | G5: =CHIDIST(F5,1) -> 0.0861696 | H5: =IF(G5<0.001,1,0) -> 0 | I5: =Raw_Inputs!F5/D5 -> 0.10223449 | J5: =Raw_Inputs!G5/E5 -> 0.15116246 | K5: =J5-I5 -> 0.048927968 | L5: =IFERROR(K5/I5*100,0) -> 47.858572 | M5: =(Raw_Inputs!F5+Raw_Inputs!G5)/(D5+E5) -> 0.12685714 | N5: =SQRT(M5*(1-M5)*(1/D5+1/E5)) -> 0.0025158818 | O5: =K5/N5 -> 19.447642 | P5: =2*(1-NORMSDIST(ABS(O5))) -> 0 | Q5: =IF(P5<0.05,1,0) -> 1 | R5: =SQRT(I5*(1-I5)/D5+J5*(1-J5)/E5) -> 0.0025063764 | S5: =K5-1.96*R5 -> 0.044015471 | T5: =K5+1.96*R5 -> 0.053840466 | U5: =Raw_Inputs!H5/D5 -> 0.019526644 | V5: =Raw_Inputs!I5/E5 -> 0.045533256 | W5: =2*(1-NORMSDIST(ABS((V5-U5)/SQRT(((Raw_Inputs!H5+Raw_Inputs!I5)/(D5+E5))*(1-((Raw_Inputs!H5+Raw_Inputs!I5)/(D5+E5)))*(1/D5+1/E5))))) -> 0 | X5: =IF(AND(W5<0.05,V5>U5),1,0) -> 1 | Y5: =Raw_Inputs!J5 -> 70000 | Z5: =Raw_Inputs!K5 -> 53287 | AA5: =MIN(Y5,Z5)/MAX(Y5,Z5)*100 -> 76.124286 | AB5: =Raw_Inputs!L5 -> 3841 | AC5: =IF(MIN(D5,E5)>=AB5,1,0) -> 1 | AD5: =Raw_Inputs!M5 -> 8.176 | AE5: =Raw_Inputs!N5 -> 0 | AF5: =IF(H5=0,30,0) -> 30 | AG5: =MIN(AA5,100)/100*25 -> 19.031071 | AH5: =IF(X5=0,20,0) -> 0 | AI5: =IF(AC5=1,15,0) -> 15 | AJ5: =IF(AE5=0,10,0) -> 10 | AK5: =SUM(AF5:AJ5) -> 74.031071 | AL5: =IF(AK5>=85,"TRUST",IF(AK5>=60,"TRUST WITH CAVEATS","DO NOT TRUST")) -> TRUST WITH CAVEATS
A6: =Raw_Inputs!A6 -> EXP-005 | B6: =Raw_Inputs!B6 -> active_user_definition_change_test | C6: =Raw_Inputs!C6 -> analytics-eng | D6: =Raw_Inputs!D6 -> 24865 | E6: =Raw_Inputs!E6 -> 25135 | F6: =((D6-((D6+E6)/2))^2/((D6+E6)/2))+((E6-((D6+E6)/2))^2/((D6+E6)/2)) -> 1.458 | G6: =CHIDIST(F6,1) -> 0.22724861 | H6: =IF(G6<0.001,1,0) -> 0 | I6: =Raw_Inputs!F6/D6 -> 0.097888598 | J6: =Raw_Inputs!G6/E6 -> 0.13264372 | K6: =J6-I6 -> 0.034755125 | L6: =IFERROR(K6/I6*100,0) -> 35.504774 | M6: =(Raw_Inputs!F6+Raw_Inputs!G6)/(D6+E6) -> 0.11536 | N6: =SQRT(M6*(1-M6)*(1/D6+1/E6)) -> 0.0028573421 | O6: =K6/N6 -> 12.163446 | P6: =2*(1-NORMSDIST(ABS(O6))) -> 0 | Q6: =IF(P6<0.05,1,0) -> 1 | R6: =SQRT(I6*(1-I6)/D6+J6*(1-J6)/E6) -> 0.0028510861 | S6: =K6-1.96*R6 -> 0.029166997 | T6: =K6+1.96*R6 -> 0.040343254 | U6: =Raw_Inputs!H6/D6 -> 0.019143374 | V6: =Raw_Inputs!I6/E6 -> 0.019852795 | W6: =2*(1-NORMSDIST(ABS((V6-U6)/SQRT(((Raw_Inputs!H6+Raw_Inputs!I6)/(D6+E6))*(1-((Raw_Inputs!H6+Raw_Inputs!I6)/(D6+E6)))*(1/D6+1/E6))))) -> 0.56623648 | X6: =IF(AND(W6<0.05,V6>U6),1,0) -> 0 | Y6: =Raw_Inputs!J6 -> 50000 | Z6: =Raw_Inputs!K6 -> 37868 | AA6: =MIN(Y6,Z6)/MAX(Y6,Z6)*100 -> 75.736 | AB6: =Raw_Inputs!L6 -> 3841 | AC6: =IF(MIN(D6,E6)>=AB6,1,0) -> 1 | AD6: =Raw_Inputs!M6 -> 7.159 | AE6: =Raw_Inputs!N6 -> 0 | AF6: =IF(H6=0,30,0) -> 30 | AG6: =MIN(AA6,100)/100*25 -> 18.934 | AH6: =IF(X6=0,20,0) -> 20 | AI6: =IF(AC6=1,15,0) -> 15 | AJ6: =IF(AE6=0,10,0) -> 10 | AK6: =SUM(AF6:AJ6) -> 93.934 | AL6: =IF(AK6>=85,"TRUST",IF(AK6>=60,"TRUST WITH CAVEATS","DO NOT TRUST")) -> TRUST
A7: =Raw_Inputs!A7 -> EXP-006 | B7: =Raw_Inputs!B7 -> pricing_page_redesign | C7: =Raw_Inputs!C7 -> monetization | D7: =Raw_Inputs!D7 -> 3999 | E7: =Raw_Inputs!E7 -> 4001 | F7: =((D7-((D7+E7)/2))^2/((D7+E7)/2))+((E7-((D7+E7)/2))^2/((D7+E7)/2)) -> 0.0005 | G7: =CHIDIST(F7,1) -> 0.98216025 | H7: =IF(G7<0.001,1,0) -> 0 | I7: =Raw_Inputs!F7/D7 -> 0.095773943 | J7: =Raw_Inputs!G7/E7 -> 0.18345414 | K7: =J7-I7 -> 0.087680193 | L7: =IFERROR(K7/I7*100,0) -> 91.54911 | M7: =(Raw_Inputs!F7+Raw_Inputs!G7)/(D7+E7) -> 0.139625 | N7: =SQRT(M7*(1-M7)*(1/D7+1/E7)) -> 0.007750157 | O7: =K7/N7 -> 11.313344 | P7: =2*(1-NORMSDIST(ABS(O7))) -> 0 | Q7: =IF(P7<0.05,1,0) -> 1 | R7: =SQRT(I7*(1-I7)/D7+J7*(1-J7)/E7) -> 0.007687396 | S7: =K7-1.96*R7 -> 0.072612897 | T7: =K7+1.96*R7 -> 0.10274749 | U7: =Raw_Inputs!H7/D7 -> 0.017754439 | V7: =Raw_Inputs!I7/E7 -> 0.018495376 | W7: =2*(1-NORMSDIST(ABS((V7-U7)/SQRT(((Raw_Inputs!H7+Raw_Inputs!I7)/(D7+E7))*(1-((Raw_Inputs!H7+Raw_Inputs!I7)/(D7+E7)))*(1/D7+1/E7))))) -> 0.80383472 | X7: =IF(AND(W7<0.05,V7>U7),1,0) -> 0 | Y7: =Raw_Inputs!J7 -> 8000 | Z7: =Raw_Inputs!K7 -> 6174 | AA7: =MIN(Y7,Z7)/MAX(Y7,Z7)*100 -> 77.175 | AB7: =Raw_Inputs!L7 -> 3841 | AC7: =IF(MIN(D7,E7)>=AB7,1,0) -> 1 | AD7: =Raw_Inputs!M7 -> 12.917 | AE7: =Raw_Inputs!N7 -> 0 | AF7: =IF(H7=0,30,0) -> 30 | AG7: =MIN(AA7,100)/100*25 -> 19.29375 | AH7: =IF(X7=0,20,0) -> 20 | AI7: =IF(AC7=1,15,0) -> 15 | AJ7: =IF(AE7=0,10,0) -> 10 | AK7: =SUM(AF7:AJ7) -> 94.29375 | AL7: =IF(AK7>=85,"TRUST",IF(AK7>=60,"TRUST WITH CAVEATS","DO NOT TRUST")) -> TRUST
A8: =Raw_Inputs!A8 -> EXP-007 | B8: =Raw_Inputs!B8 -> search_autocomplete_v2 | C8: =Raw_Inputs!C8 -> search | D8: =Raw_Inputs!D8 -> 42619 | E8: =Raw_Inputs!E8 -> 42381 | F8: =((D8-((D8+E8)/2))^2/((D8+E8)/2))+((E8-((D8+E8)/2))^2/((D8+E8)/2)) -> 0.6664 | G8: =CHIDIST(F8,1) -> 0.41430955 | H8: =IF(G8<0.001,1,0) -> 0 | I8: =Raw_Inputs!F8/D8 -> 0.099650391 | J8: =Raw_Inputs!G8/E8 -> 0.10110663 | K8: =J8-I8 -> 0.0014562373 | L8: =IFERROR(K8/I8*100,0) -> 1.4613463 | M8: =(Raw_Inputs!F8+Raw_Inputs!G8)/(D8+E8) -> 0.10037647 | N8: =SQRT(M8*(1-M8)*(1/D8+1/E8)) -> 0.00206143 | O8: =K8/N8 -> 0.70642092 | P8: =2*(1-NORMSDIST(ABS(O8))) -> 0.47992641 | Q8: =IF(P8<0.05,1,0) -> 0 | R8: =SQRT(I8*(1-I8)/D8+J8*(1-J8)/E8) -> 0.0020614612 | S8: =K8-1.96*R8 -> -0.0025842266 | T8: =K8+1.96*R8 -> 0.0054967012 | U8: =Raw_Inputs!H8/D8 -> 0.0193341 | V8: =Raw_Inputs!I8/E8 -> 0.020268517 | W8: =2*(1-NORMSDIST(ABS((V8-U8)/SQRT(((Raw_Inputs!H8+Raw_Inputs!I8)/(D8+E8))*(1-((Raw_Inputs!H8+Raw_Inputs!I8)/(D8+E8)))*(1/D8+1/E8))))) -> 0.32819731 | X8: =IF(AND(W8<0.05,V8>U8),1,0) -> 0 | Y8: =Raw_Inputs!J8 -> 85000 | Z8: =Raw_Inputs!K8 -> 64144 | AA8: =MIN(Y8,Z8)/MAX(Y8,Z8)*100 -> 75.463529 | AB8: =Raw_Inputs!L8 -> 3841 | AC8: =IF(MIN(D8,E8)>=AB8,1,0) -> 1 | AD8: =Raw_Inputs!M8 -> 58.203 | AE8: =Raw_Inputs!N8 -> 0 | AF8: =IF(H8=0,30,0) -> 30 | AG8: =MIN(AA8,100)/100*25 -> 18.865882 | AH8: =IF(X8=0,20,0) -> 20 | AI8: =IF(AC8=1,15,0) -> 15 | AJ8: =IF(AE8=0,10,0) -> 10 | AK8: =SUM(AF8:AJ8) -> 93.865882 | AL8: =IF(AK8>=85,"TRUST",IF(AK8>=60,"TRUST WITH CAVEATS","DO NOT TRUST")) -> TRUST
A9: =Raw_Inputs!A9 -> EXP-008 | B9: =Raw_Inputs!B9 -> signup_form_shortening | C9: =Raw_Inputs!C9 -> growth | D9: =Raw_Inputs!D9 -> 25848 | E9: =Raw_Inputs!E9 -> 29152 | F9: =((D9-((D9+E9)/2))^2/((D9+E9)/2))+((E9-((D9+E9)/2))^2/((D9+E9)/2)) -> 198.48029 | G9: =CHIDIST(F9,1) -> 4.4820079e-45 | H9: =IF(G9<0.001,1,0) -> 1 | I9: =Raw_Inputs!F9/D9 -> 0.10174868 | J9: =Raw_Inputs!G9/E9 -> 0.13110593 | K9: =J9-I9 -> 0.029357243 | L9: =IFERROR(K9/I9*100,0) -> 28.8527 | M9: =(Raw_Inputs!F9+Raw_Inputs!G9)/(D9+E9) -> 0.11730909 | N9: =SQRT(M9*(1-M9)*(1/D9+1/E9)) -> 0.0027491843 | O9: =K9/N9 -> 10.678528 | P9: =2*(1-NORMSDIST(ABS(O9))) -> 0 | Q9: =IF(P9<0.05,1,0) -> 1 | R9: =SQRT(I9*(1-I9)/D9+J9*(1-J9)/E9) -> 0.0027282951 | S9: =K9-1.96*R9 -> 0.024009784 | T9: =K9+1.96*R9 -> 0.034704701 | U9: =Raw_Inputs!H9/D9 -> 0.021046116 | V9: =Raw_Inputs!I9/E9 -> 0.044319429 | W9: =2*(1-NORMSDIST(ABS((V9-U9)/SQRT(((Raw_Inputs!H9+Raw_Inputs!I9)/(D9+E9))*(1-((Raw_Inputs!H9+Raw_Inputs!I9)/(D9+E9)))*(1/D9+1/E9))))) -> 0 | X9: =IF(AND(W9<0.05,V9>U9),1,0) -> 1 | Y9: =Raw_Inputs!J9 -> 55000 | Z9: =Raw_Inputs!K9 -> 41837 | AA9: =MIN(Y9,Z9)/MAX(Y9,Z9)*100 -> 76.067273 | AB9: =Raw_Inputs!L9 -> 3841 | AC9: =IF(MIN(D9,E9)>=AB9,1,0) -> 1 | AD9: =Raw_Inputs!M9 -> 5.665 | AE9: =Raw_Inputs!N9 -> 0 | AF9: =IF(H9=0,30,0) -> 0 | AG9: =MIN(AA9,100)/100*25 -> 19.016818 | AH9: =IF(X9=0,20,0) -> 0 | AI9: =IF(AC9=1,15,0) -> 15 | AJ9: =IF(AE9=0,10,0) -> 10 | AK9: =SUM(AF9:AJ9) -> 44.016818 | AL9: =IF(AK9>=85,"TRUST",IF(AK9>=60,"TRUST WITH CAVEATS","DO NOT TRUST")) -> DO NOT TRUST

Sheet Daily_Lift
A1: Day | B1: EXP-001 | C1: EXP-002 | D1: EXP-003 | E1: EXP-004 | F1: EXP-005 | G1: EXP-006 | H1: EXP-007 | I1: EXP-008
A2: 0 | B2: 0.0011217788 | C2: 0.00064381908 | D2: 0.00039496491 | E2: 0.00038407983 | F2: 0.00042683645 | G2: 0.00099900006 | H2: 0.00017004369 | I2: 0.00039177148
A3: 1 | B3: 0.0023196676 | C3: 0.00059753405 | D3: 0.0016070697 | E3: 0.00034998207 | F3: 0.0014863473 | G3: 0.0017470626 | H3: 6.2212252e-05 | I3: 0.0016439518
A4: 2 | B4: 0.0039897646 | C4: 0.00097039139 | D4: 0.0039712789 | E4: 0.0019855472 | F4: 0.0034496846 | G4: 0.0067438129 | H4: -0.00048681793 | I4: 0.0041367081
A5: 3 | B5: 0.0069984065 | C5: 0.0035536765 | D5: 0.0065756374 | E5: 0.0044638367 | F5: 0.0051622145 | G5: 0.0084905005 | H5: -0.0010532506 | I5: 0.0064752232
A6: 4 | B6: 0.010129715 | C6: 0.0040128064 | D6: 0.0095963437 | E6: 0.0071540291 | F6: 0.0076695836 | G6: 0.016235689 | H6: -0.0008382654 | I6: 0.0091735319
A7: 5 | B7: 0.011501496 | C7: 0.0055758436 | D7: 0.012839965 | E7: 0.0094560647 | F7: 0.0096143444 | G7: 0.019730314 | H7: -0.0010477353 | I7: 0.012256393
A8: 6 | B8: 0.014770506 | C8: 0.0082347229 | D8: 0.016440921 | E8: 0.011927683 | F8: 0.011271969 | G8: 0.029224689 | H8: -0.001938707 | I8: 0.01540064
A9: 7 | B9: 0.016790872 | C9: 0.010282157 | D9: 0.019284836 | E9: 0.014161454 | F9: 0.012935209 | G9: 0.035969502 | H9: -0.002355002 | I9: 0.016682983
A10: 8 | B10: 0.018915188 | C10: 0.010998393 | D10: 0.021974034 | E10: 0.01730955 | F10: 0.013591724 | G10: 0.04071494 | H10: -0.0023300983 | I10: 0.017562459
A11: 9 | B11: 0.021135573 | C11: 0.013733092 | D11: 0.025152519 | E11: 0.019033462 | F11: 0.016095637 | G11: 0.046709815 | H11: -0.0020216535 | I11: 0.019393649
A12: 10 | B12: 0.023798614 | C12: 0.016400093 | D12: 0.027931891 | E12: 0.021836092 | F12: 0.016637549 | G12: 0.053955253 | H12: -0.0020651644 | I12: 0.019723503
A13: 11 | B13: 0.025927856 | C13: 0.018815495 | D13: 0.02917965 | E13: 0.023961873 | F13: 0.019698886 | G13: 0.061199316 | H13: -0.0015437015 | I13: 0.020654047
... A19: 17 | B19: 0.038689771 | C19: 0.02819667 | D19: 0.039172934 | E19: 0.039028016 | F19: 0.02824956 | G19: 0.087680193 | H19: 0.00052169821 | I19: 0.024766931
A20: 18 | B20: 0.041123967 | C20: 0.030463216 | D20: 0.040310421 | E20: 0.041294993 | F20: 0.028788879 | H20: 0.00090343297 | I20: 0.025638413
A21: 19 | B21: 0.044103784 | C21: 0.032502528 | D21: 0.041670626 | E21: 0.04267418 | F21: 0.028933804 | H21: 0.0017065922 | I21: 0.026687345
A22: 20 | B22: 0.046473691 | C22: 0.033900634 | D22: 0.042430679 | E22: 0.044630379 | F22: 0.03163189 | H22: 0.0013790132 | I22: 0.027623823
A23: 21 | B23: 0.048923907 | C23: 0.0351446 | D23: 0.043567277 | E23: 0.046482665 | F23: 0.032666777 | H23: 0.0012358497 | I23: 0.028077225
A24: 22 | B24: 0.051297027 | C24: 0.036177745 | D24: 0.043794982 | E24: 0.047150467 | F24: 0.03387074 | H24: 0.0017693127 | I24: 0.028481111
A25: 23 | B25: 0.052553294 | C25: 0.036418214 | D25: 0.045088667 | E25: 0.04828692 | F25: 0.034647866 | H25: 0.0015209625 | I25: 0.029369113
A26: 24 | B26: 0.053279959 | C26: 0.036983544 | D26: 0.046114006 | E26: 0.048899581 | F26: 0.034795343 | H26: 0.001479701 | I26: 0.029327325
A27: 25 | C27: 0.036983544 | D27: 0.046386451 | E27: 0.048927968 | F27: 0.034755125 | H27: 0.0014562373 | I27: 0.029357243
A28: 26 | D28: 0.046790947
A29: 27 | D29: 0.04763989
A30: 28 | D30: 0.048447745
A31: 29 | D31: 0.048547252
A32: 30 | D32: 0.049185231
A33: 31 | D33: 0.049182761
A34: 32 | D34: 0.049182564

Sheet Metric_Lineage
A1: Metric Name | B1: Experiment ID | C1: Version | D1: Definition Logic | E1: Effective Start | F1: Effective End
A2: active_user | B2: EXP-001 | C2: v1 | D2: Any user with >= 1 tracked event in the exposure window | E2: 2025-02-02 | F2: 2025-02-23
A3: active_user | B3: EXP-002 | C3: v1 | D3: Any user with >= 1 tracked event in the exposure window | E3: 2025-07-05 | F3: 2025-07-26
A4: active_user | B4: EXP-003 | C4: v1 | D4: Any user with >= 1 tracked event in the exposure window | E4: 2025-05-23 | F4: 2025-06-20
A5: active_user | B5: EXP-004 | C5: v1 | D5: Any user with >= 1 tracked event in the exposure window | E5: 2025-06-20 | F5: 2025-07-11
A6: active_user | B6: EXP-005 | C6: v1 | D6: Any user with >= 1 tracked event in the exposure window | E6: 2025-06-06 | F6: 2025-06-16
A7: active_user | B7: EXP-005 | C7: v2 | D7: User with >= 2 tracked events AND >= 1 core action event | E7: 2025-06-16 | F7: 2025-06-27
A8: active_user | B8: EXP-006 | C8: v1 | D8: Any user with >= 1 tracked event in the exposure window | E8: 2025-06-06 | F8: 2025-06-20
A9: active_user | B9: EXP-007 | C9: v1 | D9: Any user with >= 1 tracked event in the exposure window | E9: 2025-02-17 | F9: 2025-03-10
A10: active_user | B10: EXP-008 | C10: v1 | D10: Any user with >= 1 tracked event in the exposure window | E10: 2025-06-28 | F10: 2025-07-19
A12: This sheet is documentation-as-a-dashboard: every experiment's active_user logic is traceable
A13: to an exact definition and effective date range. Source: sql/views/analysis_views.sql :: v_user_event_counts
